{"Model_name":{"0":"DeepLearning_1_AutoML_20190419_175717","1":"DeepLearning_grid_1_AutoML_20190419_175717_model_2","2":"DeepLearning_grid_1_AutoML_20190419_175717_model_4","3":"DeepLearning_grid_1_AutoML_20190419_175717_model_3","4":"DeepLearning_grid_1_AutoML_20190419_175717_model_1"},"Leaderboard_rank":{"0":27,"1":32,"2":35,"3":36,"4":37},"balance_classes":{"0":false,"1":false,"2":false,"3":false,"4":false},"categorical_encoding":{"0":"AUTO","1":"AUTO","2":"AUTO","3":"AUTO","4":"AUTO"},"class_sampling_factors":{"0":null,"1":null,"2":null,"3":null,"4":null},"distribution":{"0":"AUTO","1":"AUTO","2":"AUTO","3":"AUTO","4":"AUTO"},"huber_alpha":{"0":null,"1":null,"2":null,"3":null,"4":null},"max_after_balance_size":{"0":5.0,"1":5.0,"2":5.0,"3":5.0,"4":5.0},"max_runtime_secs":{"0":null,"1":null,"2":null,"3":null,"4":null},"missing_values_handling":{"0":"MeanImputation","1":"MeanImputation","2":"MeanImputation","3":"MeanImputation","4":"MeanImputation"},"model_id":{"0":null,"1":null,"2":null,"3":null,"4":null},"quantile_alpha":{"0":0.5,"1":0.5,"2":0.5,"3":0.5,"4":0.5},"seed":{"0":27,"1":27,"2":27,"3":27,"4":27},"standardize":{"0":true,"1":true,"2":true,"3":true,"4":true},"stopping_metric":{"0":null,"1":null,"2":null,"3":null,"4":null},"stopping_rounds":{"0":null,"1":null,"2":null,"3":null,"4":null},"stopping_tolerance":{"0":null,"1":null,"2":null,"3":null,"4":null},"tweedie_power":{"0":1.5,"1":1.5,"2":1.5,"3":1.5,"4":1.5},"activation":{"0":"Rectifier","1":"RectifierWithDropout","2":"RectifierWithDropout","3":"RectifierWithDropout","4":"RectifierWithDropout"},"adaptive_rate":{"0":1.0,"1":1.0,"2":1.0,"3":1.0,"4":1.0},"average_activation":{"0":0.0,"1":0.0,"2":0.0,"3":0.0,"4":0.0},"classification_stop":{"0":0.0,"1":0.0,"2":0.0,"3":0.0,"4":0.0},"col_major":{"0":0.0,"1":0.0,"2":0.0,"3":0.0,"4":0.0},"elastic_averaging":{"0":0.0,"1":0.0,"2":0.0,"3":0.0,"4":0.0},"elastic_averaging_moving_rate":{"0":0.9,"1":0.9,"2":0.9,"3":0.9,"4":0.9},"elastic_averaging_regularization":{"0":0.001,"1":0.001,"2":0.001,"3":0.001,"4":0.001},"epochs":{"0":10.3820188353,"1":7.9958162428,"2":254.3970467596,"3":323.2042657916,"4":401.6449548811},"epsilon":{"0":0.00000001,"1":0.00000001,"2":0.0000001,"3":0.0000001,"4":0.0000001},"fast_mode":{"0":1.0,"1":1.0,"2":1.0,"3":1.0,"4":1.0},"force_load_balance":{"0":1.0,"1":1.0,"2":1.0,"3":1.0,"4":1.0},"hidden":{"0":[10,10,10],"1":[500],"2":[50,50,50],"3":[50,50],"4":[50]},"hidden_dropout_ratios":{"0":null,"1":[0.2],"2":[0.0,0.0,0.0],"3":[0.0,0.0],"4":[0.0]},"initial_biases":{"0":null,"1":null,"2":null,"3":null,"4":null},"initial_weight_distribution":{"0":"UniformAdaptive","1":"UniformAdaptive","2":"UniformAdaptive","3":"UniformAdaptive","4":"UniformAdaptive"},"initial_weight_scale":{"0":1.0,"1":1.0,"2":1.0,"3":1.0,"4":1.0},"initial_weights":{"0":null,"1":null,"2":null,"3":null,"4":null},"input_dropout_ratio":{"0":0.0,"1":0.0,"2":0.05,"3":0.05,"4":0.05},"l1":{"0":0.0,"1":0.0,"2":0.0,"3":0.0,"4":0.0},"l2":{"0":0.0,"1":0.0,"2":0.0,"3":0.0,"4":0.0},"loss":{"0":"Automatic","1":"Automatic","2":"Automatic","3":"Automatic","4":"Automatic"},"max_categorical_features":{"0":2147483647.0,"1":2147483647.0,"2":2147483647.0,"3":2147483647.0,"4":2147483647.0},"max_w2":{"0":3.4028235e+38,"1":3.4028235e+38,"2":3.4028235e+38,"3":3.4028235e+38,"4":3.4028235e+38},"momentum_ramp":{"0":1000000.0,"1":1000000.0,"2":1000000.0,"3":1000000.0,"4":1000000.0},"momentum_stable":{"0":0.0,"1":0.0,"2":0.0,"3":0.0,"4":0.0},"momentum_start":{"0":0.0,"1":0.0,"2":0.0,"3":0.0,"4":0.0},"nesterov_accelerated_gradient":{"0":1.0,"1":1.0,"2":1.0,"3":1.0,"4":1.0},"overwrite_with_best_model":{"0":0.0,"1":0.0,"2":0.0,"3":0.0,"4":0.0},"rate":{"0":0.005,"1":0.005,"2":0.005,"3":0.005,"4":0.005},"rate_annealing":{"0":0.000001,"1":0.000001,"2":0.000001,"3":0.000001,"4":0.000001},"rate_decay":{"0":1.0,"1":1.0,"2":1.0,"3":1.0,"4":1.0},"regression_stop":{"0":0.000001,"1":0.000001,"2":0.000001,"3":0.000001,"4":0.000001},"replicate_training_data":{"0":1.0,"1":1.0,"2":1.0,"3":1.0,"4":1.0},"reproducible":{"0":0.0,"1":0.0,"2":0.0,"3":0.0,"4":0.0},"rho":{"0":0.99,"1":0.99,"2":0.95,"3":0.95,"4":0.95},"score_duty_cycle":{"0":0.1,"1":0.1,"2":0.1,"3":0.1,"4":0.1},"score_interval":{"0":5.0,"1":5.0,"2":5.0,"3":5.0,"4":5.0},"score_training_samples":{"0":10000.0,"1":10000.0,"2":10000.0,"3":10000.0,"4":10000.0},"score_validation_samples":{"0":0.0,"1":0.0,"2":0.0,"3":0.0,"4":0.0},"score_validation_sampling":{"0":"Uniform","1":"Uniform","2":"Uniform","3":"Uniform","4":"Uniform"},"shuffle_training_data":{"0":0.0,"1":0.0,"2":0.0,"3":0.0,"4":0.0},"sparse":{"0":0.0,"1":0.0,"2":0.0,"3":0.0,"4":0.0},"sparsity_beta":{"0":0.0,"1":0.0,"2":0.0,"3":0.0,"4":0.0},"target_ratio_comm_to_comp":{"0":0.05,"1":0.05,"2":0.05,"3":0.05,"4":0.05},"train_samples_per_iteration":{"0":-2.0,"1":-2.0,"2":-2.0,"3":-2.0,"4":-2.0},"use_all_factor_levels":{"0":1.0,"1":1.0,"2":1.0,"3":1.0,"4":1.0},"variable_importances":{"0":1.0,"1":1.0,"2":1.0,"3":1.0,"4":1.0}}