{
    "start_time": 1555711037.1190188,
    "target": null,
    "server_path": "C:\\Users\\kaila\\OneDrive\\Desktop\\DSMT\\HYPERPARAMETER-Project",
    "data_path": "C:\\Users\\kaila\\OneDrive\\Desktop\\DSMT\\HYPERPARAMETER-Project\\cancer_reg.csv",
    "test_path": null,
    "max_models": null,
    "run_time": 333,
    "run_id": "MKmhZIltm",
    "scale": false,
    "classification": false,
    "model_path": null,
    "balance": false,
    "balance_threshold": 0.2,
    "project": null,
    "end_time": 1555711037.1190188,
    "execution_time": 0.0,
    "run_path": "C:\\Users\\kaila\\OneDrive\\Desktop\\DSMT\\HYPERPARAMETER-Project\\MKmhZIltm",
    "nthreads": 1,
    "min_mem_size": 5,
    "analysis": 2,
    "Main_Eval_metrix": "RMSE",
    "X": [
        "binnedInc",
        "MedianAge",
        "Geography",
        "isPoor",
        "MedianAge_1",
        "MedianAge_2",
        "MedianAge_3",
        "avgAnnCount",
        "avgDeathsPerYear",
        "incidenceRate",
        "medIncome",
        "popEst2015",
        "povertyPercent",
        "studyPerCap",
        "MedianAgeMale",
        "MedianAgeFemale",
        "AvgHouseholdSize",
        "PercentMarried",
        "PctNoHS18_24",
        "PctHS18_24",
        "PctSomeCol18_24",
        "PctBachDeg18_24",
        "PctHS25_Over",
        "PctBachDeg25_Over",
        "PctEmployed16_Over",
        "PctUnemployed16_Over",
        "PctPrivateCoverage",
        "PctPrivateCoverageAlone",
        "PctEmpPrivCoverage",
        "PctPublicCoverage",
        "PctPublicCoverageAlone",
        "PctWhite",
        "PctBlack",
        "PctAsian",
        "PctOtherRace",
        "PctMarriedHouseholds",
        "BirthRate"
    ],
    "variables": {
        "avgAnnCount": "real",
        "avgDeathsPerYear": "real",
        "TARGET_deathRate": "real",
        "incidenceRate": "real",
        "medIncome": "real",
        "popEst2015": "real",
        "povertyPercent": "real",
        "studyPerCap": "real",
        "binnedInc": "int",
        "MedianAge": "int",
        "MedianAgeMale": "real",
        "MedianAgeFemale": "real",
        "Geography": "int",
        "AvgHouseholdSize": "real",
        "PercentMarried": "real",
        "PctNoHS18_24": "real",
        "PctHS18_24": "real",
        "PctSomeCol18_24": "real",
        "PctBachDeg18_24": "real",
        "PctHS25_Over": "real",
        "PctBachDeg25_Over": "real",
        "PctEmployed16_Over": "real",
        "PctUnemployed16_Over": "real",
        "PctPrivateCoverage": "real",
        "PctPrivateCoverageAlone": "real",
        "PctEmpPrivCoverage": "real",
        "PctPublicCoverage": "real",
        "PctPublicCoverageAlone": "real",
        "PctWhite": "real",
        "PctBlack": "real",
        "PctAsian": "real",
        "PctOtherRace": "real",
        "PctMarriedHouseholds": "real",
        "BirthRate": "real",
        "isPoor": "int",
        "MedianAge_1": "int",
        "MedianAge_2": "int",
        "MedianAge_3": "int"
    },
    "model_execution_time": 282.18396401405334,
    "mod_best": "StackedEnsemble_AllModels_AutoML_20190419_175717",
    "mod_best_algo": "stackedensemble",
    "models": [
        "GBM_2_AutoML_20190419_175717",
        "GBM_grid_1_AutoML_20190419_175717_model_19",
        "GBM_1_AutoML_20190419_175717",
        "GBM_3_AutoML_20190419_175717",
        "GBM_5_AutoML_20190419_175717",
        "GBM_4_AutoML_20190419_175717",
        "GBM_grid_1_AutoML_20190419_175717_model_29",
        "GBM_grid_1_AutoML_20190419_175717_model_22",
        "GBM_grid_1_AutoML_20190419_175717_model_18",
        "GBM_grid_1_AutoML_20190419_175717_model_16",
        "GBM_grid_1_AutoML_20190419_175717_model_20",
        "GBM_grid_1_AutoML_20190419_175717_model_1",
        "GBM_grid_1_AutoML_20190419_175717_model_7",
        "GBM_grid_1_AutoML_20190419_175717_model_23",
        "GBM_grid_1_AutoML_20190419_175717_model_11",
        "GBM_grid_1_AutoML_20190419_175717_model_9",
        "GBM_grid_1_AutoML_20190419_175717_model_13",
        "GBM_grid_1_AutoML_20190419_175717_model_6",
        "GBM_grid_1_AutoML_20190419_175717_model_12",
        "GLM_grid_1_AutoML_20190419_175717_model_1",
        "DRF_1_AutoML_20190419_175717",
        "XRT_1_AutoML_20190419_175717",
        "GBM_grid_1_AutoML_20190419_175717_model_30",
        "GBM_grid_1_AutoML_20190419_175717_model_4",
        "DeepLearning_1_AutoML_20190419_175717",
        "GBM_grid_1_AutoML_20190419_175717_model_27",
        "GBM_grid_1_AutoML_20190419_175717_model_10",
        "GBM_grid_1_AutoML_20190419_175717_model_24",
        "GBM_grid_1_AutoML_20190419_175717_model_28",
        "DeepLearning_grid_1_AutoML_20190419_175717_model_2",
        "GBM_grid_1_AutoML_20190419_175717_model_5",
        "GBM_grid_1_AutoML_20190419_175717_model_26",
        "DeepLearning_grid_1_AutoML_20190419_175717_model_4",
        "DeepLearning_grid_1_AutoML_20190419_175717_model_3",
        "DeepLearning_grid_1_AutoML_20190419_175717_model_1",
        "GBM_grid_1_AutoML_20190419_175717_model_31",
        "GBM_grid_1_AutoML_20190419_175717_model_17",
        "GBM_grid_1_AutoML_20190419_175717_model_25",
        "GBM_grid_1_AutoML_20190419_175717_model_15",
        "GBM_grid_1_AutoML_20190419_175717_model_14",
        "GBM_grid_1_AutoML_20190419_175717_model_2",
        "GBM_grid_1_AutoML_20190419_175717_model_8",
        "GBM_grid_1_AutoML_20190419_175717_model_3",
        "GBM_grid_1_AutoML_20190419_175717_model_21"
    ]
}
