{"Model_name":{"0":"DeepLearning_1_AutoML_20190419_185907","1":"DeepLearning_1_AutoML_20190419_181340","2":"DeepLearning_1_AutoML_20190419_175717","3":"DeepLearning_grid_1_AutoML_20190419_175717_model_2","4":"DeepLearning_grid_1_AutoML_20190419_175717_model_4","5":"DeepLearning_grid_1_AutoML_20190419_181340_model_3","6":"DeepLearning_grid_1_AutoML_20190419_185907_model_3","7":"DeepLearning_grid_1_AutoML_20190419_185907_model_2","8":"DeepLearning_grid_1_AutoML_20190419_181340_model_2","9":"DeepLearning_grid_1_AutoML_20190419_175717_model_3","10":"DeepLearning_grid_1_AutoML_20190419_175717_model_1","11":"DeepLearning_grid_1_AutoML_20190419_181340_model_1","12":"DeepLearning_grid_1_AutoML_20190419_185907_model_1"},"Leaderboard_rank":{"0":113,"1":114,"2":116,"3":136,"4":155,"5":156,"6":157,"7":158,"8":159,"9":160,"10":161,"11":166,"12":167},"balance_classes":{"0":false,"1":false,"2":false,"3":false,"4":false,"5":false,"6":false,"7":false,"8":false,"9":false,"10":false,"11":false,"12":false},"categorical_encoding":{"0":"AUTO","1":"AUTO","2":"AUTO","3":"AUTO","4":"AUTO","5":"AUTO","6":"AUTO","7":"AUTO","8":"AUTO","9":"AUTO","10":"AUTO","11":"AUTO","12":"AUTO"},"class_sampling_factors":{"0":null,"1":null,"2":null,"3":null,"4":null,"5":null,"6":null,"7":null,"8":null,"9":null,"10":null,"11":null,"12":null},"distribution":{"0":"AUTO","1":"AUTO","2":"AUTO","3":"AUTO","4":"AUTO","5":"AUTO","6":"AUTO","7":"AUTO","8":"AUTO","9":"AUTO","10":"AUTO","11":"AUTO","12":"AUTO"},"huber_alpha":{"0":null,"1":null,"2":null,"3":null,"4":null,"5":null,"6":null,"7":null,"8":null,"9":null,"10":null,"11":null,"12":null},"max_after_balance_size":{"0":5.0,"1":5.0,"2":5.0,"3":5.0,"4":5.0,"5":5.0,"6":5.0,"7":5.0,"8":5.0,"9":5.0,"10":5.0,"11":5.0,"12":5.0},"max_runtime_secs":{"0":null,"1":null,"2":null,"3":null,"4":null,"5":null,"6":null,"7":null,"8":null,"9":null,"10":null,"11":null,"12":null},"missing_values_handling":{"0":"MeanImputation","1":"MeanImputation","2":"MeanImputation","3":"MeanImputation","4":"MeanImputation","5":"MeanImputation","6":"MeanImputation","7":"MeanImputation","8":"MeanImputation","9":"MeanImputation","10":"MeanImputation","11":"MeanImputation","12":"MeanImputation"},"model_id":{"0":null,"1":null,"2":null,"3":null,"4":null,"5":null,"6":null,"7":null,"8":null,"9":null,"10":null,"11":null,"12":null},"quantile_alpha":{"0":0.5,"1":0.5,"2":0.5,"3":0.5,"4":0.5,"5":0.5,"6":0.5,"7":0.5,"8":0.5,"9":0.5,"10":0.5,"11":0.5,"12":0.5},"seed":{"0":27,"1":27,"2":27,"3":27,"4":27,"5":27,"6":27,"7":27,"8":27,"9":27,"10":27,"11":27,"12":27},"standardize":{"0":true,"1":true,"2":true,"3":true,"4":true,"5":true,"6":true,"7":true,"8":true,"9":true,"10":true,"11":true,"12":true},"stopping_metric":{"0":null,"1":null,"2":null,"3":null,"4":null,"5":null,"6":null,"7":null,"8":null,"9":null,"10":null,"11":null,"12":null},"stopping_rounds":{"0":null,"1":null,"2":null,"3":null,"4":null,"5":null,"6":null,"7":null,"8":null,"9":null,"10":null,"11":null,"12":null},"stopping_tolerance":{"0":null,"1":null,"2":null,"3":null,"4":null,"5":null,"6":null,"7":null,"8":null,"9":null,"10":null,"11":null,"12":null},"tweedie_power":{"0":1.5,"1":1.5,"2":1.5,"3":1.5,"4":1.5,"5":1.5,"6":1.5,"7":1.5,"8":1.5,"9":1.5,"10":1.5,"11":1.5,"12":1.5},"activation":{"0":"Rectifier","1":"Rectifier","2":"Rectifier","3":"RectifierWithDropout","4":"RectifierWithDropout","5":"RectifierWithDropout","6":"RectifierWithDropout","7":"RectifierWithDropout","8":"RectifierWithDropout","9":"RectifierWithDropout","10":"RectifierWithDropout","11":"RectifierWithDropout","12":"RectifierWithDropout"},"adaptive_rate":{"0":1.0,"1":1.0,"2":1.0,"3":1.0,"4":1.0,"5":1.0,"6":1.0,"7":1.0,"8":1.0,"9":1.0,"10":1.0,"11":1.0,"12":1.0},"average_activation":{"0":0.0,"1":0.0,"2":0.0,"3":0.0,"4":0.0,"5":0.0,"6":0.0,"7":0.0,"8":0.0,"9":0.0,"10":0.0,"11":0.0,"12":0.0},"classification_stop":{"0":0.0,"1":0.0,"2":0.0,"3":0.0,"4":0.0,"5":0.0,"6":0.0,"7":0.0,"8":0.0,"9":0.0,"10":0.0,"11":0.0,"12":0.0},"col_major":{"0":0.0,"1":0.0,"2":0.0,"3":0.0,"4":0.0,"5":0.0,"6":0.0,"7":0.0,"8":0.0,"9":0.0,"10":0.0,"11":0.0,"12":0.0},"elastic_averaging":{"0":0.0,"1":0.0,"2":0.0,"3":0.0,"4":0.0,"5":0.0,"6":0.0,"7":0.0,"8":0.0,"9":0.0,"10":0.0,"11":0.0,"12":0.0},"elastic_averaging_moving_rate":{"0":0.9,"1":0.9,"2":0.9,"3":0.9,"4":0.9,"5":0.9,"6":0.9,"7":0.9,"8":0.9,"9":0.9,"10":0.9,"11":0.9,"12":0.9},"elastic_averaging_regularization":{"0":0.001,"1":0.001,"2":0.001,"3":0.001,"4":0.001,"5":0.001,"6":0.001,"7":0.001,"8":0.001,"9":0.001,"10":0.001,"11":0.001,"12":0.001},"epochs":{"0":10.3820188353,"1":10.3820188353,"2":10.3820188353,"3":7.9958162428,"4":254.3970467596,"5":748.9465955701,"6":1040.1328137818,"7":1348.9559474979,"8":1024.1251025431,"9":323.2042657916,"10":401.6449548811,"11":1249.7817883511,"12":1656.2175553733},"epsilon":{"0":0.00000001,"1":0.00000001,"2":0.00000001,"3":0.00000001,"4":0.0000001,"5":0.0000001,"6":0.0000001,"7":0.0000001,"8":0.0000001,"9":0.0000001,"10":0.0000001,"11":0.0000001,"12":0.0000001},"fast_mode":{"0":1.0,"1":1.0,"2":1.0,"3":1.0,"4":1.0,"5":1.0,"6":1.0,"7":1.0,"8":1.0,"9":1.0,"10":1.0,"11":1.0,"12":1.0},"force_load_balance":{"0":1.0,"1":1.0,"2":1.0,"3":1.0,"4":1.0,"5":1.0,"6":1.0,"7":1.0,"8":1.0,"9":1.0,"10":1.0,"11":1.0,"12":1.0},"hidden":{"0":[10,10,10],"1":[10,10,10],"2":[10,10,10],"3":[500],"4":[50,50,50],"5":[50,50,50],"6":[50,50,50],"7":[50,50],"8":[50,50],"9":[50,50],"10":[50],"11":[50],"12":[50]},"hidden_dropout_ratios":{"0":null,"1":null,"2":null,"3":[0.2],"4":[0.0,0.0,0.0],"5":[0.0,0.0,0.0],"6":[0.0,0.0,0.0],"7":[0.0,0.0],"8":[0.0,0.0],"9":[0.0,0.0],"10":[0.0],"11":[0.0],"12":[0.0]},"initial_biases":{"0":null,"1":null,"2":null,"3":null,"4":null,"5":null,"6":null,"7":null,"8":null,"9":null,"10":null,"11":null,"12":null},"initial_weight_distribution":{"0":"UniformAdaptive","1":"UniformAdaptive","2":"UniformAdaptive","3":"UniformAdaptive","4":"UniformAdaptive","5":"UniformAdaptive","6":"UniformAdaptive","7":"UniformAdaptive","8":"UniformAdaptive","9":"UniformAdaptive","10":"UniformAdaptive","11":"UniformAdaptive","12":"UniformAdaptive"},"initial_weight_scale":{"0":1.0,"1":1.0,"2":1.0,"3":1.0,"4":1.0,"5":1.0,"6":1.0,"7":1.0,"8":1.0,"9":1.0,"10":1.0,"11":1.0,"12":1.0},"initial_weights":{"0":null,"1":null,"2":null,"3":null,"4":null,"5":null,"6":null,"7":null,"8":null,"9":null,"10":null,"11":null,"12":null},"input_dropout_ratio":{"0":0.0,"1":0.0,"2":0.0,"3":0.0,"4":0.05,"5":0.05,"6":0.05,"7":0.05,"8":0.05,"9":0.05,"10":0.05,"11":0.05,"12":0.05},"l1":{"0":0.0,"1":0.0,"2":0.0,"3":0.0,"4":0.0,"5":0.0,"6":0.0,"7":0.0,"8":0.0,"9":0.0,"10":0.0,"11":0.0,"12":0.0},"l2":{"0":0.0,"1":0.0,"2":0.0,"3":0.0,"4":0.0,"5":0.0,"6":0.0,"7":0.0,"8":0.0,"9":0.0,"10":0.0,"11":0.0,"12":0.0},"loss":{"0":"Automatic","1":"Automatic","2":"Automatic","3":"Automatic","4":"Automatic","5":"Automatic","6":"Automatic","7":"Automatic","8":"Automatic","9":"Automatic","10":"Automatic","11":"Automatic","12":"Automatic"},"max_categorical_features":{"0":2147483647.0,"1":2147483647.0,"2":2147483647.0,"3":2147483647.0,"4":2147483647.0,"5":2147483647.0,"6":2147483647.0,"7":2147483647.0,"8":2147483647.0,"9":2147483647.0,"10":2147483647.0,"11":2147483647.0,"12":2147483647.0},"max_w2":{"0":3.4028235e+38,"1":3.4028235e+38,"2":3.4028235e+38,"3":3.4028235e+38,"4":3.4028235e+38,"5":3.4028235e+38,"6":3.4028235e+38,"7":3.4028235e+38,"8":3.4028235e+38,"9":3.4028235e+38,"10":3.4028235e+38,"11":3.4028235e+38,"12":3.4028235e+38},"momentum_ramp":{"0":1000000.0,"1":1000000.0,"2":1000000.0,"3":1000000.0,"4":1000000.0,"5":1000000.0,"6":1000000.0,"7":1000000.0,"8":1000000.0,"9":1000000.0,"10":1000000.0,"11":1000000.0,"12":1000000.0},"momentum_stable":{"0":0.0,"1":0.0,"2":0.0,"3":0.0,"4":0.0,"5":0.0,"6":0.0,"7":0.0,"8":0.0,"9":0.0,"10":0.0,"11":0.0,"12":0.0},"momentum_start":{"0":0.0,"1":0.0,"2":0.0,"3":0.0,"4":0.0,"5":0.0,"6":0.0,"7":0.0,"8":0.0,"9":0.0,"10":0.0,"11":0.0,"12":0.0},"nesterov_accelerated_gradient":{"0":1.0,"1":1.0,"2":1.0,"3":1.0,"4":1.0,"5":1.0,"6":1.0,"7":1.0,"8":1.0,"9":1.0,"10":1.0,"11":1.0,"12":1.0},"overwrite_with_best_model":{"0":0.0,"1":0.0,"2":0.0,"3":0.0,"4":0.0,"5":0.0,"6":0.0,"7":0.0,"8":0.0,"9":0.0,"10":0.0,"11":0.0,"12":0.0},"rate":{"0":0.005,"1":0.005,"2":0.005,"3":0.005,"4":0.005,"5":0.005,"6":0.005,"7":0.005,"8":0.005,"9":0.005,"10":0.005,"11":0.005,"12":0.005},"rate_annealing":{"0":0.000001,"1":0.000001,"2":0.000001,"3":0.000001,"4":0.000001,"5":0.000001,"6":0.000001,"7":0.000001,"8":0.000001,"9":0.000001,"10":0.000001,"11":0.000001,"12":0.000001},"rate_decay":{"0":1.0,"1":1.0,"2":1.0,"3":1.0,"4":1.0,"5":1.0,"6":1.0,"7":1.0,"8":1.0,"9":1.0,"10":1.0,"11":1.0,"12":1.0},"regression_stop":{"0":0.000001,"1":0.000001,"2":0.000001,"3":0.000001,"4":0.000001,"5":0.000001,"6":0.000001,"7":0.000001,"8":0.000001,"9":0.000001,"10":0.000001,"11":0.000001,"12":0.000001},"replicate_training_data":{"0":1.0,"1":1.0,"2":1.0,"3":1.0,"4":1.0,"5":1.0,"6":1.0,"7":1.0,"8":1.0,"9":1.0,"10":1.0,"11":1.0,"12":1.0},"reproducible":{"0":0.0,"1":0.0,"2":0.0,"3":0.0,"4":0.0,"5":0.0,"6":0.0,"7":0.0,"8":0.0,"9":0.0,"10":0.0,"11":0.0,"12":0.0},"rho":{"0":0.99,"1":0.99,"2":0.99,"3":0.99,"4":0.95,"5":0.95,"6":0.95,"7":0.95,"8":0.95,"9":0.95,"10":0.95,"11":0.95,"12":0.95},"score_duty_cycle":{"0":0.1,"1":0.1,"2":0.1,"3":0.1,"4":0.1,"5":0.1,"6":0.1,"7":0.1,"8":0.1,"9":0.1,"10":0.1,"11":0.1,"12":0.1},"score_interval":{"0":5.0,"1":5.0,"2":5.0,"3":5.0,"4":5.0,"5":5.0,"6":5.0,"7":5.0,"8":5.0,"9":5.0,"10":5.0,"11":5.0,"12":5.0},"score_training_samples":{"0":10000.0,"1":10000.0,"2":10000.0,"3":10000.0,"4":10000.0,"5":10000.0,"6":10000.0,"7":10000.0,"8":10000.0,"9":10000.0,"10":10000.0,"11":10000.0,"12":10000.0},"score_validation_samples":{"0":0.0,"1":0.0,"2":0.0,"3":0.0,"4":0.0,"5":0.0,"6":0.0,"7":0.0,"8":0.0,"9":0.0,"10":0.0,"11":0.0,"12":0.0},"score_validation_sampling":{"0":"Uniform","1":"Uniform","2":"Uniform","3":"Uniform","4":"Uniform","5":"Uniform","6":"Uniform","7":"Uniform","8":"Uniform","9":"Uniform","10":"Uniform","11":"Uniform","12":"Uniform"},"shuffle_training_data":{"0":0.0,"1":0.0,"2":0.0,"3":0.0,"4":0.0,"5":0.0,"6":0.0,"7":0.0,"8":0.0,"9":0.0,"10":0.0,"11":0.0,"12":0.0},"sparse":{"0":0.0,"1":0.0,"2":0.0,"3":0.0,"4":0.0,"5":0.0,"6":0.0,"7":0.0,"8":0.0,"9":0.0,"10":0.0,"11":0.0,"12":0.0},"sparsity_beta":{"0":0.0,"1":0.0,"2":0.0,"3":0.0,"4":0.0,"5":0.0,"6":0.0,"7":0.0,"8":0.0,"9":0.0,"10":0.0,"11":0.0,"12":0.0},"target_ratio_comm_to_comp":{"0":0.05,"1":0.05,"2":0.05,"3":0.05,"4":0.05,"5":0.05,"6":0.05,"7":0.05,"8":0.05,"9":0.05,"10":0.05,"11":0.05,"12":0.05},"train_samples_per_iteration":{"0":-2.0,"1":-2.0,"2":-2.0,"3":-2.0,"4":-2.0,"5":-2.0,"6":-2.0,"7":-2.0,"8":-2.0,"9":-2.0,"10":-2.0,"11":-2.0,"12":-2.0},"use_all_factor_levels":{"0":1.0,"1":1.0,"2":1.0,"3":1.0,"4":1.0,"5":1.0,"6":1.0,"7":1.0,"8":1.0,"9":1.0,"10":1.0,"11":1.0,"12":1.0},"variable_importances":{"0":1.0,"1":1.0,"2":1.0,"3":1.0,"4":1.0,"5":1.0,"6":1.0,"7":1.0,"8":1.0,"9":1.0,"10":1.0,"11":1.0,"12":1.0}}