{"Model_name":{"0":"DRF_1_AutoML_20190419_185907","1":"DRF_1_AutoML_20190419_175717","2":"DRF_1_AutoML_20190419_181340","3":"XRT_1_AutoML_20190419_181340","4":"XRT_1_AutoML_20190419_185907","5":"XRT_1_AutoML_20190419_175717"},"Leaderboard_rank":{"0":90,"1":91,"2":92,"3":93,"4":94,"5":95},"nfolds":{"0":5,"1":5,"2":5,"3":5,"4":5,"5":5},"seed":{"0":27,"1":27,"2":27,"3":27,"4":27,"5":27},"mtries":{"0":-1,"1":-1,"2":-1,"3":-1,"4":-1,"5":-1},"categorical_encoding":{"0":"AUTO","1":"AUTO","2":"AUTO","3":"AUTO","4":"AUTO","5":"AUTO"}}