{"Model_name":{"0":"DeepLearning_1_AutoML_20190419_185907","1":"DeepLearning_1_AutoML_20190419_181340","2":"DeepLearning_1_AutoML_20190419_175717","3":"DeepLearning_1_AutoML_20190419_195145","4":"DeepLearning_grid_1_AutoML_20190419_195145_model_2","5":"DeepLearning_1_AutoML_20190419_191951","6":"DeepLearning_grid_1_AutoML_20190419_195145_model_4","7":"DeepLearning_grid_1_AutoML_20190419_191951_model_2","8":"DeepLearning_grid_1_AutoML_20190419_191951_model_4","9":"DeepLearning_grid_1_AutoML_20190419_175717_model_2","10":"DeepLearning_grid_1_AutoML_20190419_191951_model_1","11":"DeepLearning_grid_1_AutoML_20190419_191951_model_6","12":"DeepLearning_grid_1_AutoML_20190419_195145_model_5","13":"DeepLearning_grid_1_AutoML_20190419_191951_model_5","14":"DeepLearning_grid_1_AutoML_20190419_195145_model_6","15":"DeepLearning_grid_1_AutoML_20190419_191951_model_3","16":"DeepLearning_grid_1_AutoML_20190419_195145_model_3","17":"DeepLearning_grid_1_AutoML_20190419_195145_model_1","18":"DeepLearning_grid_1_AutoML_20190419_175717_model_4","19":"DeepLearning_grid_1_AutoML_20190419_181340_model_3","20":"DeepLearning_grid_1_AutoML_20190419_185907_model_3","21":"DeepLearning_grid_1_AutoML_20190419_185907_model_2","22":"DeepLearning_grid_1_AutoML_20190419_181340_model_2","23":"DeepLearning_grid_1_AutoML_20190419_175717_model_3","24":"DeepLearning_grid_1_AutoML_20190419_175717_model_1","25":"DeepLearning_grid_1_AutoML_20190419_181340_model_1","26":"DeepLearning_grid_1_AutoML_20190419_185907_model_1"},"Leaderboard_rank":{"0":244,"1":245,"2":249,"3":259,"4":268,"5":269,"6":275,"7":276,"8":289,"9":295,"10":296,"11":297,"12":306,"13":314,"14":315,"15":317,"16":322,"17":323,"18":350,"19":351,"20":352,"21":353,"22":354,"23":357,"24":358,"25":369,"26":370},"balance_classes":{"0":false,"1":false,"2":false,"3":false,"4":false,"5":false,"6":false,"7":false,"8":false,"9":false,"10":false,"11":false,"12":false,"13":false,"14":false,"15":false,"16":false,"17":false,"18":false,"19":false,"20":false,"21":false,"22":false,"23":false,"24":false,"25":false,"26":false},"categorical_encoding":{"0":"AUTO","1":"AUTO","2":"AUTO","3":"AUTO","4":"AUTO","5":"AUTO","6":"AUTO","7":"AUTO","8":"AUTO","9":"AUTO","10":"AUTO","11":"AUTO","12":"AUTO","13":"AUTO","14":"AUTO","15":"AUTO","16":"AUTO","17":"AUTO","18":"AUTO","19":"AUTO","20":"AUTO","21":"AUTO","22":"AUTO","23":"AUTO","24":"AUTO","25":"AUTO","26":"AUTO"},"class_sampling_factors":{"0":null,"1":null,"2":null,"3":null,"4":null,"5":null,"6":null,"7":null,"8":null,"9":null,"10":null,"11":null,"12":null,"13":null,"14":null,"15":null,"16":null,"17":null,"18":null,"19":null,"20":null,"21":null,"22":null,"23":null,"24":null,"25":null,"26":null},"distribution":{"0":"AUTO","1":"AUTO","2":"AUTO","3":"AUTO","4":"AUTO","5":"AUTO","6":"AUTO","7":"AUTO","8":"AUTO","9":"AUTO","10":"AUTO","11":"AUTO","12":"AUTO","13":"AUTO","14":"AUTO","15":"AUTO","16":"AUTO","17":"AUTO","18":"AUTO","19":"AUTO","20":"AUTO","21":"AUTO","22":"AUTO","23":"AUTO","24":"AUTO","25":"AUTO","26":"AUTO"},"huber_alpha":{"0":null,"1":null,"2":null,"3":null,"4":null,"5":null,"6":null,"7":null,"8":null,"9":null,"10":null,"11":null,"12":null,"13":null,"14":null,"15":null,"16":null,"17":null,"18":null,"19":null,"20":null,"21":null,"22":null,"23":null,"24":null,"25":null,"26":null},"max_after_balance_size":{"0":5.0,"1":5.0,"2":5.0,"3":5.0,"4":5.0,"5":5.0,"6":5.0,"7":5.0,"8":5.0,"9":5.0,"10":5.0,"11":5.0,"12":5.0,"13":5.0,"14":5.0,"15":5.0,"16":5.0,"17":5.0,"18":5.0,"19":5.0,"20":5.0,"21":5.0,"22":5.0,"23":5.0,"24":5.0,"25":5.0,"26":5.0},"max_runtime_secs":{"0":null,"1":null,"2":null,"3":null,"4":null,"5":null,"6":null,"7":null,"8":null,"9":null,"10":null,"11":null,"12":null,"13":null,"14":null,"15":null,"16":null,"17":null,"18":null,"19":null,"20":null,"21":null,"22":null,"23":null,"24":null,"25":null,"26":null},"missing_values_handling":{"0":"MeanImputation","1":"MeanImputation","2":"MeanImputation","3":"MeanImputation","4":"MeanImputation","5":"MeanImputation","6":"MeanImputation","7":"MeanImputation","8":"MeanImputation","9":"MeanImputation","10":"MeanImputation","11":"MeanImputation","12":"MeanImputation","13":"MeanImputation","14":"MeanImputation","15":"MeanImputation","16":"MeanImputation","17":"MeanImputation","18":"MeanImputation","19":"MeanImputation","20":"MeanImputation","21":"MeanImputation","22":"MeanImputation","23":"MeanImputation","24":"MeanImputation","25":"MeanImputation","26":"MeanImputation"},"model_id":{"0":null,"1":null,"2":null,"3":null,"4":null,"5":null,"6":null,"7":null,"8":null,"9":null,"10":null,"11":null,"12":null,"13":null,"14":null,"15":null,"16":null,"17":null,"18":null,"19":null,"20":null,"21":null,"22":null,"23":null,"24":null,"25":null,"26":null},"quantile_alpha":{"0":0.5,"1":0.5,"2":0.5,"3":0.5,"4":0.5,"5":0.5,"6":0.5,"7":0.5,"8":0.5,"9":0.5,"10":0.5,"11":0.5,"12":0.5,"13":0.5,"14":0.5,"15":0.5,"16":0.5,"17":0.5,"18":0.5,"19":0.5,"20":0.5,"21":0.5,"22":0.5,"23":0.5,"24":0.5,"25":0.5,"26":0.5},"seed":{"0":27,"1":27,"2":27,"3":27,"4":27,"5":27,"6":27,"7":27,"8":27,"9":27,"10":27,"11":27,"12":27,"13":27,"14":27,"15":27,"16":27,"17":27,"18":27,"19":27,"20":27,"21":27,"22":27,"23":27,"24":27,"25":27,"26":27},"standardize":{"0":true,"1":true,"2":true,"3":true,"4":true,"5":true,"6":true,"7":true,"8":true,"9":true,"10":true,"11":true,"12":true,"13":true,"14":true,"15":true,"16":true,"17":true,"18":true,"19":true,"20":true,"21":true,"22":true,"23":true,"24":true,"25":true,"26":true},"stopping_metric":{"0":null,"1":null,"2":null,"3":null,"4":null,"5":null,"6":null,"7":null,"8":null,"9":null,"10":null,"11":null,"12":null,"13":null,"14":null,"15":null,"16":null,"17":null,"18":null,"19":null,"20":null,"21":null,"22":null,"23":null,"24":null,"25":null,"26":null},"stopping_rounds":{"0":null,"1":null,"2":null,"3":null,"4":null,"5":null,"6":null,"7":null,"8":null,"9":null,"10":null,"11":null,"12":null,"13":null,"14":null,"15":null,"16":null,"17":null,"18":null,"19":null,"20":null,"21":null,"22":null,"23":null,"24":null,"25":null,"26":null},"stopping_tolerance":{"0":null,"1":null,"2":null,"3":null,"4":null,"5":null,"6":null,"7":null,"8":null,"9":null,"10":null,"11":null,"12":null,"13":null,"14":null,"15":null,"16":null,"17":null,"18":null,"19":null,"20":null,"21":null,"22":null,"23":null,"24":null,"25":null,"26":null},"tweedie_power":{"0":1.5,"1":1.5,"2":1.5,"3":1.5,"4":1.5,"5":1.5,"6":1.5,"7":1.5,"8":1.5,"9":1.5,"10":1.5,"11":1.5,"12":1.5,"13":1.5,"14":1.5,"15":1.5,"16":1.5,"17":1.5,"18":1.5,"19":1.5,"20":1.5,"21":1.5,"22":1.5,"23":1.5,"24":1.5,"25":1.5,"26":1.5},"activation":{"0":"Rectifier","1":"Rectifier","2":"Rectifier","3":"Rectifier","4":"RectifierWithDropout","5":"Rectifier","6":"RectifierWithDropout","7":"RectifierWithDropout","8":"RectifierWithDropout","9":"RectifierWithDropout","10":"RectifierWithDropout","11":"RectifierWithDropout","12":"RectifierWithDropout","13":"RectifierWithDropout","14":"RectifierWithDropout","15":"RectifierWithDropout","16":"RectifierWithDropout","17":"RectifierWithDropout","18":"RectifierWithDropout","19":"RectifierWithDropout","20":"RectifierWithDropout","21":"RectifierWithDropout","22":"RectifierWithDropout","23":"RectifierWithDropout","24":"RectifierWithDropout","25":"RectifierWithDropout","26":"RectifierWithDropout"},"adaptive_rate":{"0":1.0,"1":1.0,"2":1.0,"3":1.0,"4":1.0,"5":1.0,"6":1.0,"7":1.0,"8":1.0,"9":1.0,"10":1.0,"11":1.0,"12":1.0,"13":1.0,"14":1.0,"15":1.0,"16":1.0,"17":1.0,"18":1.0,"19":1.0,"20":1.0,"21":1.0,"22":1.0,"23":1.0,"24":1.0,"25":1.0,"26":1.0},"average_activation":{"0":0.0,"1":0.0,"2":0.0,"3":0.0,"4":0.0,"5":0.0,"6":0.0,"7":0.0,"8":0.0,"9":0.0,"10":0.0,"11":0.0,"12":0.0,"13":0.0,"14":0.0,"15":0.0,"16":0.0,"17":0.0,"18":0.0,"19":0.0,"20":0.0,"21":0.0,"22":0.0,"23":0.0,"24":0.0,"25":0.0,"26":0.0},"classification_stop":{"0":0.0,"1":0.0,"2":0.0,"3":0.0,"4":0.0,"5":0.0,"6":0.0,"7":0.0,"8":0.0,"9":0.0,"10":0.0,"11":0.0,"12":0.0,"13":0.0,"14":0.0,"15":0.0,"16":0.0,"17":0.0,"18":0.0,"19":0.0,"20":0.0,"21":0.0,"22":0.0,"23":0.0,"24":0.0,"25":0.0,"26":0.0},"col_major":{"0":0.0,"1":0.0,"2":0.0,"3":0.0,"4":0.0,"5":0.0,"6":0.0,"7":0.0,"8":0.0,"9":0.0,"10":0.0,"11":0.0,"12":0.0,"13":0.0,"14":0.0,"15":0.0,"16":0.0,"17":0.0,"18":0.0,"19":0.0,"20":0.0,"21":0.0,"22":0.0,"23":0.0,"24":0.0,"25":0.0,"26":0.0},"elastic_averaging":{"0":0.0,"1":0.0,"2":0.0,"3":0.0,"4":0.0,"5":0.0,"6":0.0,"7":0.0,"8":0.0,"9":0.0,"10":0.0,"11":0.0,"12":0.0,"13":0.0,"14":0.0,"15":0.0,"16":0.0,"17":0.0,"18":0.0,"19":0.0,"20":0.0,"21":0.0,"22":0.0,"23":0.0,"24":0.0,"25":0.0,"26":0.0},"elastic_averaging_moving_rate":{"0":0.9,"1":0.9,"2":0.9,"3":0.9,"4":0.9,"5":0.9,"6":0.9,"7":0.9,"8":0.9,"9":0.9,"10":0.9,"11":0.9,"12":0.9,"13":0.9,"14":0.9,"15":0.9,"16":0.9,"17":0.9,"18":0.9,"19":0.9,"20":0.9,"21":0.9,"22":0.9,"23":0.9,"24":0.9,"25":0.9,"26":0.9},"elastic_averaging_regularization":{"0":0.001,"1":0.001,"2":0.001,"3":0.001,"4":0.001,"5":0.001,"6":0.001,"7":0.001,"8":0.001,"9":0.001,"10":0.001,"11":0.001,"12":0.001,"13":0.001,"14":0.001,"15":0.001,"16":0.001,"17":0.001,"18":0.001,"19":0.001,"20":0.001,"21":0.001,"22":0.001,"23":0.001,"24":0.001,"25":0.001,"26":0.001},"epochs":{"0":10.3820188353,"1":10.3820188353,"2":10.3820188353,"3":10.3820188353,"4":103.9838392125,"5":10.3820188353,"6":28.7797374897,"7":7.9958162428,"8":7.9958162428,"9":7.9958162428,"10":1995.4271534044,"11":7.9958162428,"12":1284.9445447088,"13":1260.9526661198,"14":7.9958162428,"15":1728.2226415094,"16":1673.8115668581,"17":2101.0394585726,"18":254.3970467596,"19":748.9465955701,"20":1040.1328137818,"21":1348.9559474979,"22":1024.1251025431,"23":323.2042657916,"24":401.6449548811,"25":1249.7817883511,"26":1656.2175553733},"epsilon":{"0":0.00000001,"1":0.00000001,"2":0.00000001,"3":0.00000001,"4":0.00000001,"5":0.00000001,"6":0.00000001,"7":0.00000001,"8":0.00000001,"9":0.00000001,"10":0.0000001,"11":0.00000001,"12":0.0000001,"13":0.0000001,"14":0.00000001,"15":0.0000001,"16":0.0000001,"17":0.0000001,"18":0.0000001,"19":0.0000001,"20":0.0000001,"21":0.0000001,"22":0.0000001,"23":0.0000001,"24":0.0000001,"25":0.0000001,"26":0.0000001},"fast_mode":{"0":1.0,"1":1.0,"2":1.0,"3":1.0,"4":1.0,"5":1.0,"6":1.0,"7":1.0,"8":1.0,"9":1.0,"10":1.0,"11":1.0,"12":1.0,"13":1.0,"14":1.0,"15":1.0,"16":1.0,"17":1.0,"18":1.0,"19":1.0,"20":1.0,"21":1.0,"22":1.0,"23":1.0,"24":1.0,"25":1.0,"26":1.0},"force_load_balance":{"0":1.0,"1":1.0,"2":1.0,"3":1.0,"4":1.0,"5":1.0,"6":1.0,"7":1.0,"8":1.0,"9":1.0,"10":1.0,"11":1.0,"12":1.0,"13":1.0,"14":1.0,"15":1.0,"16":1.0,"17":1.0,"18":1.0,"19":1.0,"20":1.0,"21":1.0,"22":1.0,"23":1.0,"24":1.0,"25":1.0,"26":1.0},"hidden":{"0":[10,10,10],"1":[10,10,10],"2":[10,10,10],"3":[10,10,10],"4":[500],"5":[10,10,10],"6":[500,500],"7":[500],"8":[500,500],"9":[500],"10":[50],"11":[500,500,500],"12":[50,50,50],"13":[50,50,50],"14":[500,500,500],"15":[50,50],"16":[50,50],"17":[50],"18":[50,50,50],"19":[50,50,50],"20":[50,50,50],"21":[50,50],"22":[50,50],"23":[50,50],"24":[50],"25":[50],"26":[50]},"hidden_dropout_ratios":{"0":null,"1":null,"2":null,"3":null,"4":[0.2],"5":null,"6":[0.2,0.2],"7":[0.2],"8":[0.2,0.2],"9":[0.2],"10":[0.0],"11":[0.2,0.2,0.2],"12":[0.0,0.0,0.0],"13":[0.0,0.0,0.0],"14":[0.2,0.2,0.2],"15":[0.0,0.0],"16":[0.0,0.0],"17":[0.0],"18":[0.0,0.0,0.0],"19":[0.0,0.0,0.0],"20":[0.0,0.0,0.0],"21":[0.0,0.0],"22":[0.0,0.0],"23":[0.0,0.0],"24":[0.0],"25":[0.0],"26":[0.0]},"initial_biases":{"0":null,"1":null,"2":null,"3":null,"4":null,"5":null,"6":null,"7":null,"8":null,"9":null,"10":null,"11":null,"12":null,"13":null,"14":null,"15":null,"16":null,"17":null,"18":null,"19":null,"20":null,"21":null,"22":null,"23":null,"24":null,"25":null,"26":null},"initial_weight_distribution":{"0":"UniformAdaptive","1":"UniformAdaptive","2":"UniformAdaptive","3":"UniformAdaptive","4":"UniformAdaptive","5":"UniformAdaptive","6":"UniformAdaptive","7":"UniformAdaptive","8":"UniformAdaptive","9":"UniformAdaptive","10":"UniformAdaptive","11":"UniformAdaptive","12":"UniformAdaptive","13":"UniformAdaptive","14":"UniformAdaptive","15":"UniformAdaptive","16":"UniformAdaptive","17":"UniformAdaptive","18":"UniformAdaptive","19":"UniformAdaptive","20":"UniformAdaptive","21":"UniformAdaptive","22":"UniformAdaptive","23":"UniformAdaptive","24":"UniformAdaptive","25":"UniformAdaptive","26":"UniformAdaptive"},"initial_weight_scale":{"0":1.0,"1":1.0,"2":1.0,"3":1.0,"4":1.0,"5":1.0,"6":1.0,"7":1.0,"8":1.0,"9":1.0,"10":1.0,"11":1.0,"12":1.0,"13":1.0,"14":1.0,"15":1.0,"16":1.0,"17":1.0,"18":1.0,"19":1.0,"20":1.0,"21":1.0,"22":1.0,"23":1.0,"24":1.0,"25":1.0,"26":1.0},"initial_weights":{"0":null,"1":null,"2":null,"3":null,"4":null,"5":null,"6":null,"7":null,"8":null,"9":null,"10":null,"11":null,"12":null,"13":null,"14":null,"15":null,"16":null,"17":null,"18":null,"19":null,"20":null,"21":null,"22":null,"23":null,"24":null,"25":null,"26":null},"input_dropout_ratio":{"0":0.0,"1":0.0,"2":0.0,"3":0.0,"4":0.0,"5":0.0,"6":0.0,"7":0.0,"8":0.0,"9":0.0,"10":0.05,"11":0.0,"12":0.05,"13":0.05,"14":0.0,"15":0.05,"16":0.05,"17":0.05,"18":0.05,"19":0.05,"20":0.05,"21":0.05,"22":0.05,"23":0.05,"24":0.05,"25":0.05,"26":0.05},"l1":{"0":0.0,"1":0.0,"2":0.0,"3":0.0,"4":0.0,"5":0.0,"6":0.0,"7":0.0,"8":0.0,"9":0.0,"10":0.0,"11":0.0,"12":0.0,"13":0.0,"14":0.0,"15":0.0,"16":0.0,"17":0.0,"18":0.0,"19":0.0,"20":0.0,"21":0.0,"22":0.0,"23":0.0,"24":0.0,"25":0.0,"26":0.0},"l2":{"0":0.0,"1":0.0,"2":0.0,"3":0.0,"4":0.0,"5":0.0,"6":0.0,"7":0.0,"8":0.0,"9":0.0,"10":0.0,"11":0.0,"12":0.0,"13":0.0,"14":0.0,"15":0.0,"16":0.0,"17":0.0,"18":0.0,"19":0.0,"20":0.0,"21":0.0,"22":0.0,"23":0.0,"24":0.0,"25":0.0,"26":0.0},"loss":{"0":"Automatic","1":"Automatic","2":"Automatic","3":"Automatic","4":"Automatic","5":"Automatic","6":"Automatic","7":"Automatic","8":"Automatic","9":"Automatic","10":"Automatic","11":"Automatic","12":"Automatic","13":"Automatic","14":"Automatic","15":"Automatic","16":"Automatic","17":"Automatic","18":"Automatic","19":"Automatic","20":"Automatic","21":"Automatic","22":"Automatic","23":"Automatic","24":"Automatic","25":"Automatic","26":"Automatic"},"max_categorical_features":{"0":2147483647.0,"1":2147483647.0,"2":2147483647.0,"3":2147483647.0,"4":2147483647.0,"5":2147483647.0,"6":2147483647.0,"7":2147483647.0,"8":2147483647.0,"9":2147483647.0,"10":2147483647.0,"11":2147483647.0,"12":2147483647.0,"13":2147483647.0,"14":2147483647.0,"15":2147483647.0,"16":2147483647.0,"17":2147483647.0,"18":2147483647.0,"19":2147483647.0,"20":2147483647.0,"21":2147483647.0,"22":2147483647.0,"23":2147483647.0,"24":2147483647.0,"25":2147483647.0,"26":2147483647.0},"max_w2":{"0":3.4028235e+38,"1":3.4028235e+38,"2":3.4028235e+38,"3":3.4028235e+38,"4":3.4028235e+38,"5":3.4028235e+38,"6":3.4028235e+38,"7":3.4028235e+38,"8":3.4028235e+38,"9":3.4028235e+38,"10":3.4028235e+38,"11":3.4028235e+38,"12":3.4028235e+38,"13":3.4028235e+38,"14":3.4028235e+38,"15":3.4028235e+38,"16":3.4028235e+38,"17":3.4028235e+38,"18":3.4028235e+38,"19":3.4028235e+38,"20":3.4028235e+38,"21":3.4028235e+38,"22":3.4028235e+38,"23":3.4028235e+38,"24":3.4028235e+38,"25":3.4028235e+38,"26":3.4028235e+38},"momentum_ramp":{"0":1000000.0,"1":1000000.0,"2":1000000.0,"3":1000000.0,"4":1000000.0,"5":1000000.0,"6":1000000.0,"7":1000000.0,"8":1000000.0,"9":1000000.0,"10":1000000.0,"11":1000000.0,"12":1000000.0,"13":1000000.0,"14":1000000.0,"15":1000000.0,"16":1000000.0,"17":1000000.0,"18":1000000.0,"19":1000000.0,"20":1000000.0,"21":1000000.0,"22":1000000.0,"23":1000000.0,"24":1000000.0,"25":1000000.0,"26":1000000.0},"momentum_stable":{"0":0.0,"1":0.0,"2":0.0,"3":0.0,"4":0.0,"5":0.0,"6":0.0,"7":0.0,"8":0.0,"9":0.0,"10":0.0,"11":0.0,"12":0.0,"13":0.0,"14":0.0,"15":0.0,"16":0.0,"17":0.0,"18":0.0,"19":0.0,"20":0.0,"21":0.0,"22":0.0,"23":0.0,"24":0.0,"25":0.0,"26":0.0},"momentum_start":{"0":0.0,"1":0.0,"2":0.0,"3":0.0,"4":0.0,"5":0.0,"6":0.0,"7":0.0,"8":0.0,"9":0.0,"10":0.0,"11":0.0,"12":0.0,"13":0.0,"14":0.0,"15":0.0,"16":0.0,"17":0.0,"18":0.0,"19":0.0,"20":0.0,"21":0.0,"22":0.0,"23":0.0,"24":0.0,"25":0.0,"26":0.0},"nesterov_accelerated_gradient":{"0":1.0,"1":1.0,"2":1.0,"3":1.0,"4":1.0,"5":1.0,"6":1.0,"7":1.0,"8":1.0,"9":1.0,"10":1.0,"11":1.0,"12":1.0,"13":1.0,"14":1.0,"15":1.0,"16":1.0,"17":1.0,"18":1.0,"19":1.0,"20":1.0,"21":1.0,"22":1.0,"23":1.0,"24":1.0,"25":1.0,"26":1.0},"overwrite_with_best_model":{"0":0.0,"1":0.0,"2":0.0,"3":0.0,"4":0.0,"5":0.0,"6":0.0,"7":0.0,"8":0.0,"9":0.0,"10":0.0,"11":0.0,"12":0.0,"13":0.0,"14":0.0,"15":0.0,"16":0.0,"17":0.0,"18":0.0,"19":0.0,"20":0.0,"21":0.0,"22":0.0,"23":0.0,"24":0.0,"25":0.0,"26":0.0},"rate":{"0":0.005,"1":0.005,"2":0.005,"3":0.005,"4":0.005,"5":0.005,"6":0.005,"7":0.005,"8":0.005,"9":0.005,"10":0.005,"11":0.005,"12":0.005,"13":0.005,"14":0.005,"15":0.005,"16":0.005,"17":0.005,"18":0.005,"19":0.005,"20":0.005,"21":0.005,"22":0.005,"23":0.005,"24":0.005,"25":0.005,"26":0.005},"rate_annealing":{"0":0.000001,"1":0.000001,"2":0.000001,"3":0.000001,"4":0.000001,"5":0.000001,"6":0.000001,"7":0.000001,"8":0.000001,"9":0.000001,"10":0.000001,"11":0.000001,"12":0.000001,"13":0.000001,"14":0.000001,"15":0.000001,"16":0.000001,"17":0.000001,"18":0.000001,"19":0.000001,"20":0.000001,"21":0.000001,"22":0.000001,"23":0.000001,"24":0.000001,"25":0.000001,"26":0.000001},"rate_decay":{"0":1.0,"1":1.0,"2":1.0,"3":1.0,"4":1.0,"5":1.0,"6":1.0,"7":1.0,"8":1.0,"9":1.0,"10":1.0,"11":1.0,"12":1.0,"13":1.0,"14":1.0,"15":1.0,"16":1.0,"17":1.0,"18":1.0,"19":1.0,"20":1.0,"21":1.0,"22":1.0,"23":1.0,"24":1.0,"25":1.0,"26":1.0},"regression_stop":{"0":0.000001,"1":0.000001,"2":0.000001,"3":0.000001,"4":0.000001,"5":0.000001,"6":0.000001,"7":0.000001,"8":0.000001,"9":0.000001,"10":0.000001,"11":0.000001,"12":0.000001,"13":0.000001,"14":0.000001,"15":0.000001,"16":0.000001,"17":0.000001,"18":0.000001,"19":0.000001,"20":0.000001,"21":0.000001,"22":0.000001,"23":0.000001,"24":0.000001,"25":0.000001,"26":0.000001},"replicate_training_data":{"0":1.0,"1":1.0,"2":1.0,"3":1.0,"4":1.0,"5":1.0,"6":1.0,"7":1.0,"8":1.0,"9":1.0,"10":1.0,"11":1.0,"12":1.0,"13":1.0,"14":1.0,"15":1.0,"16":1.0,"17":1.0,"18":1.0,"19":1.0,"20":1.0,"21":1.0,"22":1.0,"23":1.0,"24":1.0,"25":1.0,"26":1.0},"reproducible":{"0":0.0,"1":0.0,"2":0.0,"3":0.0,"4":0.0,"5":0.0,"6":0.0,"7":0.0,"8":0.0,"9":0.0,"10":0.0,"11":0.0,"12":0.0,"13":0.0,"14":0.0,"15":0.0,"16":0.0,"17":0.0,"18":0.0,"19":0.0,"20":0.0,"21":0.0,"22":0.0,"23":0.0,"24":0.0,"25":0.0,"26":0.0},"rho":{"0":0.99,"1":0.99,"2":0.99,"3":0.99,"4":0.99,"5":0.99,"6":0.99,"7":0.99,"8":0.99,"9":0.99,"10":0.95,"11":0.99,"12":0.95,"13":0.95,"14":0.99,"15":0.95,"16":0.95,"17":0.95,"18":0.95,"19":0.95,"20":0.95,"21":0.95,"22":0.95,"23":0.95,"24":0.95,"25":0.95,"26":0.95},"score_duty_cycle":{"0":0.1,"1":0.1,"2":0.1,"3":0.1,"4":0.1,"5":0.1,"6":0.1,"7":0.1,"8":0.1,"9":0.1,"10":0.1,"11":0.1,"12":0.1,"13":0.1,"14":0.1,"15":0.1,"16":0.1,"17":0.1,"18":0.1,"19":0.1,"20":0.1,"21":0.1,"22":0.1,"23":0.1,"24":0.1,"25":0.1,"26":0.1},"score_interval":{"0":5.0,"1":5.0,"2":5.0,"3":5.0,"4":5.0,"5":5.0,"6":5.0,"7":5.0,"8":5.0,"9":5.0,"10":5.0,"11":5.0,"12":5.0,"13":5.0,"14":5.0,"15":5.0,"16":5.0,"17":5.0,"18":5.0,"19":5.0,"20":5.0,"21":5.0,"22":5.0,"23":5.0,"24":5.0,"25":5.0,"26":5.0},"score_training_samples":{"0":10000.0,"1":10000.0,"2":10000.0,"3":10000.0,"4":10000.0,"5":10000.0,"6":10000.0,"7":10000.0,"8":10000.0,"9":10000.0,"10":10000.0,"11":10000.0,"12":10000.0,"13":10000.0,"14":10000.0,"15":10000.0,"16":10000.0,"17":10000.0,"18":10000.0,"19":10000.0,"20":10000.0,"21":10000.0,"22":10000.0,"23":10000.0,"24":10000.0,"25":10000.0,"26":10000.0},"score_validation_samples":{"0":0.0,"1":0.0,"2":0.0,"3":0.0,"4":0.0,"5":0.0,"6":0.0,"7":0.0,"8":0.0,"9":0.0,"10":0.0,"11":0.0,"12":0.0,"13":0.0,"14":0.0,"15":0.0,"16":0.0,"17":0.0,"18":0.0,"19":0.0,"20":0.0,"21":0.0,"22":0.0,"23":0.0,"24":0.0,"25":0.0,"26":0.0},"score_validation_sampling":{"0":"Uniform","1":"Uniform","2":"Uniform","3":"Uniform","4":"Uniform","5":"Uniform","6":"Uniform","7":"Uniform","8":"Uniform","9":"Uniform","10":"Uniform","11":"Uniform","12":"Uniform","13":"Uniform","14":"Uniform","15":"Uniform","16":"Uniform","17":"Uniform","18":"Uniform","19":"Uniform","20":"Uniform","21":"Uniform","22":"Uniform","23":"Uniform","24":"Uniform","25":"Uniform","26":"Uniform"},"shuffle_training_data":{"0":0.0,"1":0.0,"2":0.0,"3":0.0,"4":0.0,"5":0.0,"6":0.0,"7":0.0,"8":0.0,"9":0.0,"10":0.0,"11":0.0,"12":0.0,"13":0.0,"14":0.0,"15":0.0,"16":0.0,"17":0.0,"18":0.0,"19":0.0,"20":0.0,"21":0.0,"22":0.0,"23":0.0,"24":0.0,"25":0.0,"26":0.0},"sparse":{"0":0.0,"1":0.0,"2":0.0,"3":0.0,"4":0.0,"5":0.0,"6":0.0,"7":0.0,"8":0.0,"9":0.0,"10":0.0,"11":0.0,"12":0.0,"13":0.0,"14":0.0,"15":0.0,"16":0.0,"17":0.0,"18":0.0,"19":0.0,"20":0.0,"21":0.0,"22":0.0,"23":0.0,"24":0.0,"25":0.0,"26":0.0},"sparsity_beta":{"0":0.0,"1":0.0,"2":0.0,"3":0.0,"4":0.0,"5":0.0,"6":0.0,"7":0.0,"8":0.0,"9":0.0,"10":0.0,"11":0.0,"12":0.0,"13":0.0,"14":0.0,"15":0.0,"16":0.0,"17":0.0,"18":0.0,"19":0.0,"20":0.0,"21":0.0,"22":0.0,"23":0.0,"24":0.0,"25":0.0,"26":0.0},"target_ratio_comm_to_comp":{"0":0.05,"1":0.05,"2":0.05,"3":0.05,"4":0.05,"5":0.05,"6":0.05,"7":0.05,"8":0.05,"9":0.05,"10":0.05,"11":0.05,"12":0.05,"13":0.05,"14":0.05,"15":0.05,"16":0.05,"17":0.05,"18":0.05,"19":0.05,"20":0.05,"21":0.05,"22":0.05,"23":0.05,"24":0.05,"25":0.05,"26":0.05},"train_samples_per_iteration":{"0":-2.0,"1":-2.0,"2":-2.0,"3":-2.0,"4":-2.0,"5":-2.0,"6":-2.0,"7":-2.0,"8":-2.0,"9":-2.0,"10":-2.0,"11":-2.0,"12":-2.0,"13":-2.0,"14":-2.0,"15":-2.0,"16":-2.0,"17":-2.0,"18":-2.0,"19":-2.0,"20":-2.0,"21":-2.0,"22":-2.0,"23":-2.0,"24":-2.0,"25":-2.0,"26":-2.0},"use_all_factor_levels":{"0":1.0,"1":1.0,"2":1.0,"3":1.0,"4":1.0,"5":1.0,"6":1.0,"7":1.0,"8":1.0,"9":1.0,"10":1.0,"11":1.0,"12":1.0,"13":1.0,"14":1.0,"15":1.0,"16":1.0,"17":1.0,"18":1.0,"19":1.0,"20":1.0,"21":1.0,"22":1.0,"23":1.0,"24":1.0,"25":1.0,"26":1.0},"variable_importances":{"0":1.0,"1":1.0,"2":1.0,"3":1.0,"4":1.0,"5":1.0,"6":1.0,"7":1.0,"8":1.0,"9":1.0,"10":1.0,"11":1.0,"12":1.0,"13":1.0,"14":1.0,"15":1.0,"16":1.0,"17":1.0,"18":1.0,"19":1.0,"20":1.0,"21":1.0,"22":1.0,"23":1.0,"24":1.0,"25":1.0,"26":1.0}}