{
    "start_time": 1555717649.1325974,
    "target": "TARGET_deathRate",
    "server_path": "C:\\Users\\kaila\\OneDrive\\Desktop\\DSMT\\HYPERPARAMETER-Project",
    "data_path": "C:\\Users\\kaila\\OneDrive\\Desktop\\DSMT\\HYPERPARAMETER-Project\\cancer_reg.csv",
    "test_path": null,
    "max_models": null,
    "run_time": 1555,
    "run_id": "gCje7dhU4",
    "scale": false,
    "classification": true,
    "model_path": null,
    "balance": false,
    "balance_threshold": 0.2,
    "project": null,
    "end_time": 1555717649.1325974,
    "execution_time": 0.0,
    "run_path": "C:\\Users\\kaila\\OneDrive\\Desktop\\DSMT\\HYPERPARAMETER-Project\\MKmhZIltm",
    "nthreads": 1,
    "min_mem_size": 5,
    "analysis": 2,
    "Main_Eval_metrix": "RMSE",
    "variables": {
        "avgAnnCount": "real",
        "avgDeathsPerYear": "real",
        "TARGET_deathRate": "real",
        "incidenceRate": "real",
        "medIncome": "real",
        "popEst2015": "real",
        "povertyPercent": "real",
        "studyPerCap": "real",
        "binnedInc": "int",
        "MedianAge": "int",
        "MedianAgeMale": "real",
        "MedianAgeFemale": "real",
        "Geography": "int",
        "AvgHouseholdSize": "real",
        "PercentMarried": "real",
        "PctNoHS18_24": "real",
        "PctHS18_24": "real",
        "PctSomeCol18_24": "real",
        "PctBachDeg18_24": "real",
        "PctHS25_Over": "real",
        "PctBachDeg25_Over": "real",
        "PctEmployed16_Over": "real",
        "PctUnemployed16_Over": "real",
        "PctPrivateCoverage": "real",
        "PctPrivateCoverageAlone": "real",
        "PctEmpPrivCoverage": "real",
        "PctPublicCoverage": "real",
        "PctPublicCoverageAlone": "real",
        "PctWhite": "real",
        "PctBlack": "real",
        "PctAsian": "real",
        "PctOtherRace": "real",
        "PctMarriedHouseholds": "real",
        "BirthRate": "real",
        "isPoor": "int",
        "MedianAge_1": "int",
        "MedianAge_2": "int",
        "MedianAge_3": "int"
    },
    "model_execution_time": 1460.9651539325714,
    "mod_best": "GBM_grid_1_AutoML_20190419_191951_model_48",
    "mod_best_algo": "gbm",
    "models": [
        "GBM_grid_1_AutoML_20190419_191951_model_48",
        "GLM_grid_1_AutoML_20190419_175717_model_1",
        "DRF_1_AutoML_20190419_181340",
        "XRT_1_AutoML_20190419_181340",
        "DeepLearning_1_AutoML_20190419_185907",
        "GBM_grid_1_AutoML_20190419_191951_model_48"
    ]
}
