{
    "model_id": {
        "default": null,
        "actual": {
            "__meta": {
                "schema_version": 3,
                "schema_name": "ModelKeyV3",
                "schema_type": "Key<Model>"
            },
            "name": "GLM_grid_1_AutoML_20190419_191951_model_1",
            "type": "Key<Model>",
            "URL": "/3/Models/GLM_grid_1_AutoML_20190419_191951_model_1"
        }
    },
    "training_frame": {
        "default": null,
        "actual": {
            "__meta": {
                "schema_version": 3,
                "schema_name": "FrameKeyV3",
                "schema_type": "Key<Frame>"
            },
            "name": "automl_training_Key_Frame__upload_84d5b0de957e57064ae82f0cde514bd5.hex",
            "type": "Key<Frame>",
            "URL": "/3/Frames/automl_training_Key_Frame__upload_84d5b0de957e57064ae82f0cde514bd5.hex"
        }
    },
    "validation_frame": {
        "default": null,
        "actual": null
    },
    "nfolds": {
        "default": 0,
        "actual": 5
    },
    "seed": {
        "default": -1,
        "actual": 27
    },
    "keep_cross_validation_models": {
        "default": true,
        "actual": false
    },
    "keep_cross_validation_predictions": {
        "default": false,
        "actual": true
    },
    "keep_cross_validation_fold_assignment": {
        "default": false,
        "actual": false
    },
    "fold_assignment": {
        "default": "AUTO",
        "actual": "Modulo"
    },
    "fold_column": {
        "default": null,
        "actual": null
    },
    "response_column": {
        "default": null,
        "actual": {
            "__meta": {
                "schema_version": 3,
                "schema_name": "ColSpecifierV3",
                "schema_type": "VecSpecifier"
            },
            "column_name": "TARGET_deathRate",
            "is_member_of_frames": null
        }
    },
    "ignored_columns": {
        "default": null,
        "actual": []
    },
    "ignore_const_cols": {
        "default": true,
        "actual": true
    },
    "score_each_iteration": {
        "default": false,
        "actual": false
    },
    "offset_column": {
        "default": null,
        "actual": null
    },
    "weights_column": {
        "default": null,
        "actual": null
    },
    "family": {
        "default": "gaussian",
        "actual": "gaussian"
    },
    "tweedie_variance_power": {
        "default": 0.0,
        "actual": 0.0
    },
    "tweedie_link_power": {
        "default": 1.0,
        "actual": 1.0
    },
    "solver": {
        "default": "AUTO",
        "actual": "COORDINATE_DESCENT"
    },
    "alpha": {
        "default": null,
        "actual": [
            0.0,
            0.2,
            0.4,
            0.6,
            0.8,
            1.0
        ]
    },
    "lambda": {
        "default": null,
        "actual": [
            1316.3608321859217,
            817.4823784299322,
            507.6704067027967,
            315.2719234594161,
            195.78920577103705,
            121.58841382330709,
            75.50846492199584,
            46.8920359727841,
            29.120748778887478,
            18.084478352257126,
            11.230767442022866,
            6.974496851940356,
            4.331280706224323,
            2.689798698653352,
            1.6704105621416065,
            1.0373532590045447,
            0.6442139485682473,
            0.4000677762637407,
            0.2484488669646657,
            0.1542909555788201,
            0.09581729739508563,
            0.05950416500861036,
            0.03695309458345807,
            0.02294849779164876,
            0.014251405919574965,
            0.008850364521829742,
            0.005496226309972279,
            0.003413249654962926
        ]
    },
    "lambda_search": {
        "default": false,
        "actual": true
    },
    "early_stopping": {
        "default": true,
        "actual": true
    },
    "nlambdas": {
        "default": -1,
        "actual": 30
    },
    "standardize": {
        "default": true,
        "actual": true
    },
    "missing_values_handling": {
        "default": "MeanImputation",
        "actual": "MeanImputation"
    },
    "compute_p_values": {
        "default": false,
        "actual": false
    },
    "remove_collinear_columns": {
        "default": false,
        "actual": false
    },
    "intercept": {
        "default": true,
        "actual": true
    },
    "non_negative": {
        "default": false,
        "actual": false
    },
    "max_iterations": {
        "default": -1,
        "actual": 300
    },
    "objective_epsilon": {
        "default": -1.0,
        "actual": 0.0001
    },
    "beta_epsilon": {
        "default": 0.0001,
        "actual": 0.0001
    },
    "gradient_epsilon": {
        "default": -1.0,
        "actual": 1.0000000000000002e-06
    },
    "link": {
        "default": "family_default",
        "actual": "identity"
    },
    "prior": {
        "default": -1.0,
        "actual": -1.0
    },
    "lambda_min_ratio": {
        "default": -1.0,
        "actual": 1.0000000000000002e-06
    },
    "beta_constraints": {
        "default": null,
        "actual": null
    },
    "max_active_predictors": {
        "default": -1,
        "actual": 5000
    },
    "interactions": {
        "default": null,
        "actual": null
    },
    "interaction_pairs": {
        "default": null,
        "actual": null
    },
    "obj_reg": {
        "default": -1.0,
        "actual": 0.0003281916639317361
    },
    "export_checkpoints_dir": {
        "default": null,
        "actual": null
    },
    "balance_classes": {
        "default": false,
        "actual": false
    },
    "class_sampling_factors": {
        "default": null,
        "actual": null
    },
    "max_after_balance_size": {
        "default": 5.0,
        "actual": 5.0
    },
    "max_confusion_matrix_size": {
        "default": 20,
        "actual": 20
    },
    "max_hit_ratio_k": {
        "default": 0,
        "actual": 0
    },
    "max_runtime_secs": {
        "default": 0.0,
        "actual": 19.166666666666668
    },
    "custom_metric_func": {
        "default": null,
        "actual": null
    }
}
