{"Model_name":{"0":"DRF_1_AutoML_20190419_181340","1":"DRF_1_AutoML_20190419_191951","2":"DRF_1_AutoML_20190419_185907","3":"DRF_1_AutoML_20190419_175717","4":"DRF_1_AutoML_20190419_195145","5":"XRT_1_AutoML_20190419_181340","6":"XRT_1_AutoML_20190419_195145","7":"XRT_1_AutoML_20190419_191951","8":"XRT_1_AutoML_20190419_185907","9":"XRT_1_AutoML_20190419_175717"},"Leaderboard_rank":{"0":184,"1":185,"2":186,"3":187,"4":188,"5":189,"6":190,"7":191,"8":192,"9":193},"nfolds":{"0":5,"1":5,"2":5,"3":5,"4":5,"5":5,"6":5,"7":5,"8":5,"9":5},"seed":{"0":27,"1":27,"2":27,"3":27,"4":27,"5":27,"6":27,"7":27,"8":27,"9":27},"mtries":{"0":-1,"1":-1,"2":-1,"3":-1,"4":-1,"5":-1,"6":-1,"7":-1,"8":-1,"9":-1},"categorical_encoding":{"0":"AUTO","1":"AUTO","2":"AUTO","3":"AUTO","4":"AUTO","5":"AUTO","6":"AUTO","7":"AUTO","8":"AUTO","9":"AUTO"}}